,2018-03-01,2019-03-01,2020-03-01,2021-03-01,2022-03-01,2023-03-01,2024-03-01,TTM
Sales +,3,-105,349,303,149,45,638,795
Expenses +,0,16,28,82,7,-4,94,162
Operating Profit,3,-121,322,221,141,49,544,633
OPM %,94%,,92%,73%,95%,110%,85%,80%
Other Income +,0,0,0,8,35,0,0,11
Interest,1,248,128,111,0,0,10,0
Depreciation,0,0,0,0,0,0,12,12
Profit before tax,2,-369,194,118,177,49,521,631
Tax %,-15%,9%,-19%,-4%,5%,37%,27%,
Net Profit +,2,-402,230,123,168,31,382,530
EPS in Rs,,,,,,,0.60,0.83
Dividend Payout %,0%,0%,0%,0%,0%,0%,0%,
