,2013-12-01,2014-12-01,2015-12-01,2016-12-01,2017-12-01,2018-12-01,2019-12-01,2020-12-01,2021-12-01,2022-12-01,2023-12-01,2024-03-01,2024-09-01
Equity Capital,96,96,96,96,96,96,96,96,96,96,96,96,96
Reserves,"2,272","2,741","2,721","3,186","3,324","3,577","1,822","1,923","1,850","2,363","2,363","3,244","3,894"
Borrowings +,"1,189",20,18,33,35,35,189,147,266,271,271,345,370
Other Liabilities +,"2,756","2,963","3,251","3,495","3,907","4,379","5,065","5,733","6,021","6,249","6,249","6,838","6,747"
Total Liabilities,"6,314","5,820","6,086","6,810","7,363","8,088","7,173","7,900","8,234","8,979","8,979","10,523","11,108"
Fixed Assets +,"3,369","3,177","2,898","2,730","2,616","2,401","2,341","2,179","2,995","3,044","3,044","3,460","3,925"
CWIP,295,245,231,188,94,105,143,639,246,358,358,"1,742","2,340"
Investments,851,812,"1,325","1,756","1,979","2,658","1,751","1,464",774,778,778,464,786
Other Assets +,"1,799","1,586","1,633","2,136","2,673","2,924","2,937","3,618","4,219","4,799","4,799","4,857","4,057"
Total Assets,"6,314","5,820","6,086","6,810","7,363","8,088","7,173","7,900","8,234","8,979","8,979","10,523","11,108"
